y,M_cert,first_prime,last_prime,num_bits,den_bits,status
2011,10083,2011,109253,131394,131394,PASS
2029,10130,2029,109831,132063,132062,PASS
2063,10219,2063,110927,133485,133485,PASS
2083,10271,2083,111599,134157,134157,PASS
2099,10313,2099,112111,134793,134792,PASS
2129,10389,2129,113041,135897,135896,PASS
2141,10420,2141,113371,136364,136363,PASS
2161,10471,2161,114073,137083,137082,PASS
2207,10586,2207,115513,138793,138793,PASS
2237,10661,2237,116359,139958,139957,PASS
2251,10696,2251,116833,140510,140509,PASS
2273,10750,2273,117503,141324,141324,PASS
2293,10799,2293,118051,142097,142096,PASS
2311,10843,2311,118669,142815,142814,PASS
2341,10916,2341,119611,143891,143890,PASS
2357,10954,2357,120017,144495,144495,PASS
2381,11011,2381,120739,145302,145302,PASS
2393,11040,2393,121039,145725,145725,PASS
2417,11097,2417,121711,146561,146561,PASS
2441,11153,2441,122399,147487,147486,PASS
2467,11214,2467,123191,148451,148450,PASS
2503,11297,2503,124181,149646,149645,PASS
2539,11381,2539,125201,150880,150879,PASS
2551,11408,2551,125551,151249,151249,PASS
2591,11499,2591,126641,152667,152667,PASS
2617,11558,2617,127453,153602,153602,PASS
2647,11626,2647,128273,154684,154684,PASS
2663,11661,2663,128663,155231,155231,PASS
2683,11705,2683,129197,155852,155852,PASS
2693,11728,2693,129497,156208,156207,PASS
2711,11768,2711,130027,156816,156815,PASS
2729,11807,2729,130483,157347,157347,PASS
2749,11851,2749,131071,158015,158014,PASS
2777,11912,2777,131849,158983,158982,PASS
2797,11955,2797,132409,159617,159616,PASS
2819,12003,2819,132967,160330,160329,PASS
2843,12054,2843,133631,161115,161114,PASS
2861,12092,2861,134129,161709,161708,PASS
2897,12169,2897,135119,162843,162842,PASS
2917,12211,2917,135601,163496,163496,PASS
2953,12287,2953,136471,164655,164654,PASS
2969,12320,2969,136861,165181,165181,PASS
3001,12387,3001,137707,166236,166235,PASS
3023,12432,3023,138283,166904,166904,PASS
3049,12486,3049,138923,167744,167743,PASS
3079,12547,3079,139729,168733,168732,PASS
3109,12607,3109,140453,169630,169629,PASS
3137,12664,3137,141161,170538,170538,PASS
3169,12728,3169,141907,171448,171447,PASS
3191,12772,3191,142501,172152,172152,PASS
3217,12823,3217,143197,172974,172974,PASS
3251,12891,3251,144071,173938,173937,PASS
3259,12907,3259,144311,174205,174205,PASS
3301,12989,3301,145399,175514,175513,PASS
3319,13024,3319,145777,176138,176138,PASS
3331,13047,3331,146063,176483,176483,PASS
3359,13102,3359,146807,177348,177347,PASS
3373,13128,3373,147151,177729,177728,PASS
3407,13193,3407,147937,178657,178657,PASS
3449,13273,3449,148957,179856,179855,PASS
3463,13300,3463,149257,180358,180357,PASS
3491,13353,3491,149899,181197,181197,PASS
3517,13401,3517,150497,181926,181926,PASS
3533,13431,3533,150901,182342,182341,PASS
3547,13458,3547,151243,182768,182768,PASS
3571,13502,3571,151717,183399,183399,PASS
3593,13543,3593,152239,183989,183988,PASS
3617,13588,3617,152821,184726,184725,PASS
3637,13624,3637,153313,185296,185296,PASS
3671,13687,3671,154087,186242,186241,PASS
3691,13723,3691,154579,186778,186777,PASS
3709,13755,3709,154991,187321,187321,PASS
3733,13799,3733,155557,187967,187967,PASS
3767,13860,3767,156329,188863,188863,PASS
3793,13907,3793,156979,189603,189602,PASS
3821,13956,3821,157523,190363,190362,PASS
3847,14002,3847,158189,191093,191093,PASS
3863,14031,3863,158573,191507,191507,PASS
3889,14077,3889,159199,192175,192174,PASS
3917,14126,3917,159787,192936,192936,PASS
3929,14147,3929,160079,193321,193320,PASS
3947,14178,3947,160507,193775,193775,PASS
4001,14272,4001,161641,195171,195170,PASS
4013,14292,4013,161923,195495,195495,PASS
4027,14316,4027,162289,195904,195903,PASS
4057,14368,4057,162917,196754,196754,PASS
4091,14426,4091,163673,197639,197639,PASS
4111,14461,4111,164117,198137,198136,PASS
4133,14497,4133,164587,198689,198688,PASS
4157,14538,4157,165211,199330,199329,PASS
4201,14612,4201,166183,200453,200452,PASS
4219,14642,4219,166609,200965,200964,PASS
4241,14679,4241,167033,201539,201538,PASS
4259,14709,4259,167407,202052,202051,PASS
4273,14732,4273,167729,202459,202458,PASS
4297,14772,4297,168293,203124,203124,PASS
4339,14840,4339,169243,204164,204163,PASS
4363,14880,4363,169753,204798,204798,PASS
4397,14935,4397,170371,205695,205695,PASS
4423,14978,4423,170899,206361,206360,PASS
4451,15023,4451,171541,207070,207069,PASS
4481,15071,4481,172153,207805,207805,PASS
4507,15113,4507,172633,208468,208468,PASS
4519,15132,4519,172871,208807,208806,PASS
4549,15180,4549,173573,209591,209591,PASS
4583,15234,4583,174221,210523,210522,PASS
4603,15265,4603,174637,211007,211006,PASS
4639,15322,4639,175463,211901,211901,PASS
4651,15341,4651,175757,212256,212255,PASS
4673,15375,4673,176159,212765,212765,PASS
4703,15423,4703,176641,213537,213537,PASS
4729,15463,4729,177209,214226,214226,PASS
4759,15510,4759,177893,214974,214973,PASS
4789,15556,4789,178481,215678,215677,PASS
4801,15574,4801,178691,216029,216029,PASS
4831,15620,4831,179243,216823,216823,PASS
4877,15691,4877,180001,217921,217920,PASS
4909,15739,4909,180629,218701,218701,PASS
4933,15776,4933,181253,219293,219293,PASS
4951,15803,4951,181693,219736,219736,PASS
4969,15830,4969,182011,220172,220172,PASS
4993,15865,4993,182443,220701,220700,PASS
5009,15890,5009,182713,221117,221117,PASS
5023,15911,5023,183023,221400,221399,PASS
5059,15964,5059,183691,222240,222239,PASS
5087,16006,5087,184259,222923,222922,PASS
5107,16035,5107,184649,223394,223394,PASS
5147,16095,5147,185401,224375,224374,PASS
5171,16130,5171,185819,224936,224936,PASS
5197,16168,5197,186239,225528,225528,PASS
5231,16217,5231,186883,226288,226287,PASS
5261,16261,5261,187423,226956,226955,PASS
5281,16290,5281,187871,227439,227439,PASS
5309,16330,5309,188417,228053,228053,PASS
5347,16385,5347,189139,228945,228945,PASS
5387,16443,5387,189817,229941,229940,PASS
5407,16471,5407,190243,230412,230411,PASS
5419,16488,5419,190523,230687,230686,PASS
5441,16519,5441,190871,231181,231181,PASS
5471,16562,5471,191491,231878,231877,PASS
5483,16579,5483,191693,232152,232152,PASS
5507,16612,5507,192133,232724,232724,PASS
5527,16641,5527,192539,233152,233151,PASS
5563,16691,5563,193093,233931,233930,PASS
5581,16717,5581,193463,234362,234362,PASS
5639,16797,5639,194543,235578,235577,PASS
5651,16814,5651,194809,235843,235842,PASS
5659,16825,5659,194963,236059,236058,PASS
5689,16866,5689,195457,236709,236708,PASS
5711,16897,5711,195907,237211,237210,PASS
5741,16938,5741,196459,237836,237836,PASS
5779,16990,5779,197137,238633,238633,PASS
5801,17020,5801,197521,239086,239085,PASS
5821,17047,5821,197891,239525,239524,PASS
5843,17077,5843,198259,239961,239961,PASS
5857,17096,5857,198503,240270,240269,PASS
5869,17112,5869,198761,240589,240588,PASS
5897,17149,5897,199267,241229,241229,PASS
5927,17190,5927,199799,241911,241911,PASS
5981,17263,5981,200789,243118,243117,PASS
6011,17302,6011,201329,243738,243738,PASS
6043,17345,6043,201829,244440,244439,PASS
6067,17376,6067,202231,244964,244963,PASS
6089,17405,6089,202667,245454,245454,PASS
6113,17437,6113,203117,245974,245973,PASS
6133,17463,6133,203429,246391,246390,PASS
6163,17502,6163,203999,247009,247009,PASS
6199,17550,6199,204623,247751,247751,PASS
6217,17573,6217,204983,248105,248104,PASS
6247,17613,6247,205483,248695,248695,PASS
6269,17641,6269,205913,249164,249163,PASS
6287,17664,6287,206191,249502,249501,PASS
6311,17695,6311,206527,250030,250029,PASS
6329,17718,6329,206917,250393,250393,PASS
6353,17749,6353,207331,250871,250870,PASS
6367,17767,6367,207523,251215,251214,PASS
6389,17795,6389,207931,251655,251655,PASS
6427,17843,6427,208489,252432,252432,PASS
6469,17897,6469,209221,253267,253267,PASS
6491,17925,6491,209549,253720,253720,PASS
6547,17995,6547,210319,254773,254772,PASS
6563,18016,6563,210631,255132,255132,PASS
6577,18034,6577,210907,255426,255426,PASS
6607,18071,6607,211349,256040,256039,PASS
6653,18128,6653,212123,256901,256901,PASS
6673,18153,6673,212507,257322,257322,PASS
6691,18175,6691,212881,257718,257718,PASS
6709,18198,6709,213203,258118,258118,PASS
6737,18232,6737,213637,258729,258728,PASS
6779,18285,6779,214351,259631,259630,PASS
6793,18302,6793,214559,259878,259878,PASS
6827,18343,6827,215143,260596,260596,PASS
6841,18361,6841,215393,260953,260952,PASS
6869,18394,6869,215863,261497,261496,PASS
6899,18432,6899,216421,262127,262127,PASS
6917,18453,6917,216751,262506,262505,PASS
6959,18503,6959,217363,263371,263370,PASS
6971,18519,6971,217577,263679,263678,PASS
6991,18543,6991,217969,264048,264047,PASS
7013,18569,7013,218381,264483,264483,PASS
7039,18601,7039,218737,264994,264994,PASS
7069,18636,7069,219169,265561,265561,PASS
7109,18684,7109,219767,266324,266323,PASS
7129,18708,7129,220019,266712,266711,PASS
7177,18765,7177,220841,267626,267625,PASS
7207,18800,7207,221261,268132,268132,PASS
7219,18814,7219,221497,268404,268404,PASS
7243,18843,7243,221891,268929,268928,PASS
7283,18890,7283,222499,269679,269678,PASS
7309,18921,7309,222947,270172,270171,PASS
7333,18948,7333,223273,270611,270611,PASS
7369,18991,7369,223841,271253,271253,PASS
7417,19046,7417,224579,272188,272188,PASS
7457,19093,7457,225167,272904,272903,PASS
7481,19120,7481,225527,273358,273357,PASS
7499,19141,7499,225821,273754,273753,PASS
7523,19169,7523,226201,274196,274196,PASS
7541,19189,7541,226531,274482,274482,PASS
7559,19209,7559,226799,274848,274848,PASS
7577,19231,7577,227159,275229,275229,PASS
7591,19247,7591,227393,275552,275551,PASS
7621,19280,7621,227729,276102,276102,PASS
7649,19313,7649,228301,276714,276713,PASS
7681,19349,7681,228731,277360,277359,PASS
7699,19370,7699,228959,277698,277698,PASS
7723,19397,7723,229321,278152,278151,PASS
7753,19430,7753,229727,278649,278649,PASS
7789,19471,7789,230221,279297,279296,PASS
7823,19509,7823,230719,279890,279889,PASS
7853,19543,7853,231197,280440,280440,PASS
7877,19569,7877,231533,280878,280878,PASS
7901,19596,7901,231901,281363,281363,PASS
7927,19625,7927,232367,281874,281873,PASS
7949,19649,7949,232699,282309,282308,PASS
7993,19698,7993,233371,283122,283122,PASS
8017,19724,8017,233837,283565,283564,PASS
8059,19771,8059,234457,284278,284278,PASS
8087,19801,8087,234809,284756,284755,PASS
8101,19817,8101,235007,285030,285030,PASS
8123,19841,8123,235397,285484,285484,PASS
8167,19888,8167,236077,286266,286265,PASS
8191,19915,8191,236479,286692,286691,PASS
8221,19947,8221,236909,287196,287195,PASS
8237,19965,8237,237173,287479,287479,PASS
8269,19999,8269,237737,288021,288021,PASS
8291,20023,8291,238079,288470,288470,PASS
8311,20045,8311,238321,288856,288856,PASS
8353,20090,8353,238897,289620,289619,PASS
8377,20116,8377,239287,290075,290074,PASS
8419,20160,8419,239857,290756,290756,PASS
8431,20173,8431,240047,290997,290997,PASS
8461,20205,8461,240503,291551,291551,PASS
8513,20261,8513,241253,292383,292382,PASS
8537,20286,8537,241559,292821,292821,PASS
8563,20313,8563,241877,293264,293263,PASS
8597,20349,8597,242377,293854,293854,PASS
8623,20376,8623,242713,294360,294359,PASS
8641,20395,8641,243031,294691,294690,PASS
8669,20425,8669,243469,295216,295216,PASS
8689,20445,8689,243707,295594,295594,PASS
8707,20464,8707,244021,295957,295956,PASS
8731,20490,8731,244367,296396,296395,PASS
8747,20506,8747,244561,296670,296669,PASS
8779,20540,8779,244997,297229,297228,PASS
8807,20568,8807,245417,297695,297695,PASS
8831,20593,8831,245741,298133,298133,PASS
8849,20612,8849,246011,298497,298497,PASS
8867,20631,8867,246277,298841,298841,PASS
8923,20688,8923,246971,299685,299685,PASS
8941,20707,8941,247337,300018,300018,PASS
8969,20735,8969,247693,300451,300451,PASS
9001,20768,9001,248089,301020,301019,PASS
9013,20780,9013,248257,301242,301242,PASS
9043,20810,9043,248639,301772,301772,PASS
9067,20835,9067,248909,302200,302200,PASS
9109,20877,9109,249517,302883,302883,PASS
9137,20906,9137,249923,303331,303331,PASS
9161,20930,9161,250279,303721,303721,PASS
9187,20957,9187,250777,304201,304201,PASS
9209,20979,9209,251059,304559,304559,PASS
9239,21008,9239,251393,305042,305042,PASS
9277,21047,9277,251893,305719,305719,PASS
9293,21063,9293,252151,306045,306044,PASS
9323,21092,9323,252533,306558,306558,PASS
9343,21113,9343,252877,306930,306930,PASS
9377,21146,9377,253387,307444,307444,PASS
9403,21173,9403,253717,307868,307867,PASS
9421,21190,9421,253919,308198,308197,PASS
9437,21206,9437,254147,308508,308507,PASS
9463,21232,9463,254623,308922,308922,PASS
9479,21248,9479,254833,309171,309170,PASS
9511,21279,9511,255179,309687,309687,PASS
9539,21307,9539,255551,310161,310161,PASS
9587,21353,9587,256129,310919,310918,PASS
9619,21385,9619,256589,311409,311408,PASS
9631,21397,9631,256813,311568,311567,PASS
9661,21426,9661,257281,312109,312108,PASS
9689,21453,9689,257657,312554,312553,PASS
9721,21484,9721,258107,313053,313052,PASS
9743,21506,9743,258389,313472,313471,PASS
9769,21531,9769,258677,313848,313848,PASS
9791,21552,9791,258977,314230,314230,PASS
9817,21577,9817,259381,314654,314653,PASS
9839,21598,9839,259657,314994,314993,PASS
9859,21617,9859,259943,315327,315326,PASS
9887,21645,9887,260399,315796,315796,PASS
9923,21679,9923,260857,316368,316368,PASS
9941,21697,9941,261071,316670,316669,PASS
9973,21727,9973,261563,317217,317217,PASS
10037,21788,10037,262369,318259,318258,PASS
10067,21816,10067,262739,318709,318709,PASS
10091,21839,10091,263111,319113,319112,PASS
10103,21850,10103,263269,319333,319332,PASS
10139,21884,10139,263729,319855,319855,PASS
10159,21903,10159,263957,320188,320188,PASS
10177,21920,10177,264211,320503,320503,PASS
10211,21952,10211,264739,321021,321020,PASS
10247,21986,10247,265141,321626,321625,PASS
10267,22004,10267,265403,321939,321939,PASS
10289,22025,10289,265711,322264,322263,PASS
10313,22047,10313,266023,322683,322683,PASS
10333,22066,10333,266261,323002,323002,PASS
10357,22089,10357,266633,323398,323397,PASS
10399,22127,10399,267131,323994,323993,PASS
10433,22159,10433,267481,324510,324509,PASS
10459,22183,10459,267713,324950,324950,PASS
10487,22208,10487,268003,325345,325344,PASS
10513,22233,10513,268501,325691,325691,PASS
10559,22275,10559,268997,326362,326362,PASS
10597,22310,10597,269419,326999,326998,PASS
10613,22324,10613,269641,327272,327272,PASS
10639,22349,10639,270037,327733,327732,PASS
10663,22370,10663,270311,328073,328072,PASS
10691,22395,10691,270631,328528,328528,PASS
10723,22425,10723,271043,329026,329026,PASS
10739,22439,10739,271261,329283,329282,PASS
10781,22478,10781,271829,329885,329884,PASS
10831,22522,10831,272353,330625,330624,PASS
10853,22543,10853,272659,330998,330997,PASS
10867,22555,10867,272887,331204,331204,PASS
10891,22577,10891,273149,331575,331575,PASS
10937,22618,10937,273827,332274,332274,PASS
10957,22636,10957,274103,332637,332636,PASS
10987,22663,10987,274457,333087,333086,PASS
11027,22698,11027,274951,333631,333631,PASS
11059,22727,11059,275357,334086,334086,PASS
11083,22748,11083,275599,334439,334439,PASS
11113,22775,11113,275987,334872,334871,PASS
11131,22791,11131,276191,335166,335166,PASS
11161,22817,11161,276553,335612,335611,PASS
11177,22831,11177,276779,335885,335884,PASS
11239,22886,11239,277547,336853,336852,PASS
11257,22903,11257,277787,337133,337133,PASS
11279,22922,11279,278087,337481,337480,PASS
11311,22949,11311,278491,337963,337962,PASS
11329,22966,11329,278689,338290,338290,PASS
11369,23000,11369,279143,338832,338832,PASS
11399,23027,11399,279583,339275,339275,PASS
11437,23060,11437,280061,339848,339848,PASS
11467,23086,11467,280451,340308,340308,PASS
11489,23105,11489,280697,340674,340673,PASS
11503,23117,11503,280871,340884,340883,PASS
11549,23157,11549,281353,341517,341516,PASS
11587,23190,11587,281783,342041,342041,PASS
11617,23216,11617,282091,342521,342521,PASS
11657,23250,11657,282589,343130,343130,PASS
11689,23278,11689,282977,343581,343581,PASS
11717,23302,11717,283369,344009,344008,PASS
11743,23323,11743,283687,344378,344378,PASS
11783,23358,11783,284161,345007,345006,PASS
11807,23378,11807,284447,345340,345340,PASS
11827,23396,11827,284681,345673,345672,PASS
11839,23406,11839,284777,345878,345878,PASS
11887,23447,11887,285343,346520,346520,PASS
11909,23465,11909,285629,346854,346853,PASS
11933,23485,11933,285937,347224,347223,PASS
11953,23502,11953,286243,347571,347571,PASS
11971,23518,11971,286487,347883,347883,PASS
12007,23548,12007,286873,348418,348418,PASS
12041,23577,12041,287291,348918,348918,PASS
12071,23602,12071,287747,349360,349360,PASS
12101,23627,12101,288191,349773,349773,PASS
12113,23637,12113,288349,349993,349993,PASS
12149,23667,12149,288767,350509,350509,PASS
12163,23678,12163,288947,350735,350735,PASS
12211,23719,12211,289381,351358,351358,PASS
12241,23744,12241,289763,351784,351784,PASS
12263,23762,12263,290023,352103,352102,PASS
12281,23777,12281,290219,352333,352333,PASS
12323,23812,12323,290669,352928,352928,PASS
12347,23832,12347,290987,353273,353272,PASS
12379,23859,12379,291349,353739,353738,PASS
12409,23883,12409,291691,354144,354144,PASS
12433,23902,12433,291997,354480,354480,PASS
12457,23923,12457,292319,354822,354822,PASS
12487,23947,12487,292667,355254,355253,PASS
12503,23960,12503,292837,355529,355529,PASS
12527,23980,12527,293173,355900,355899,PASS
12547,23996,12547,293441,356166,356166,PASS
12577,24020,12577,293827,356564,356564,PASS
12601,24041,12601,294167,356921,356920,PASS
12619,24055,12619,294317,357167,357167,PASS
12647,24077,12647,294659,357593,357593,PASS
12671,24098,12671,294949,357965,357965,PASS
12703,24123,12703,295291,358409,358408,PASS
12739,24153,12739,295831,358946,358946,PASS
12763,24172,12763,296027,359299,359298,PASS
12799,24202,12799,296489,359831,359831,PASS
12823,24221,12823,296729,360182,360182,PASS
12853,24244,12853,297023,360640,360640,PASS
12899,24282,12899,297613,361353,361353,PASS
12917,24296,12917,297833,361581,361581,PASS
12941,24316,12941,298153,361925,361924,PASS
12967,24336,12967,298409,362278,362277,PASS
12983,24349,12983,298667,362504,362503,PASS
13007,24368,13007,298943,362838,362837,PASS
13037,24392,13037,299329,363251,363250,PASS
13063,24412,13063,299603,363622,363622,PASS
13103,24445,13103,300089,364123,364122,PASS
13127,24463,13127,300331,364399,364399,PASS
13159,24489,13159,300683,364850,364850,PASS
13177,24503,13177,300857,365113,365113,PASS
13217,24534,13217,301267,365640,365640,PASS
13241,24554,13241,301579,365950,365950,PASS
13267,24574,13267,301843,366323,366322,PASS
13309,24608,13309,302399,366871,366871,PASS
13331,24625,13331,302647,367125,367125,PASS
13367,24653,13367,303007,367562,367561,PASS
13399,24678,13399,303341,368008,368008,PASS
13421,24695,13421,303553,368355,368355,PASS
13457,24723,13457,303931,368806,368806,PASS
13477,24739,13477,304153,369090,369090,PASS
13513,24767,13513,304517,369587,369587,PASS
13553,24798,13553,304903,370110,370110,PASS
13591,24828,13591,305339,370683,370682,PASS
13619,24849,13619,305581,371087,371086,PASS
13649,24873,13649,305927,371486,371486,PASS
13681,24897,13681,306301,371918,371917,PASS
13693,24906,13693,306431,372090,372089,PASS
13711,24920,13711,306643,372382,372382,PASS
13729,24934,13729,306853,372647,372646,PASS
13759,24957,13759,307163,373040,373040,PASS
13789,24980,13789,307471,373440,373439,PASS
13829,25011,13829,307969,373979,373978,PASS
13859,25033,13859,308317,374356,374355,PASS
13879,25049,13879,308537,374597,374597,PASS
13903,25067,13903,308851,374951,374950,PASS
13921,25081,13921,309037,375245,375245,PASS
13963,25113,13963,309469,375791,375790,PASS
13999,25140,13999,309851,376256,376255,PASS
14029,25164,14029,310231,376700,376699,PASS
14057,25184,14057,310511,377070,377069,PASS
14083,25205,14083,310819,377478,377478,PASS
14143,25249,14143,311453,378258,378257,PASS
14159,25262,14159,311683,378515,378515,PASS
14197,25290,14197,312101,379000,379000,PASS
14243,25325,14243,312553,379647,379647,PASS
14281,25353,14281,312937,380133,380133,PASS
14321,25383,14321,313331,380627,380626,PASS
14341,25398,14341,313571,380938,380938,PASS
14387,25433,14387,313987,381567,381567,PASS
14407,25447,14407,314189,381877,381877,PASS
14423,25459,14423,314357,382087,382086,PASS
14447,25478,14447,314627,382422,382422,PASS
14479,25501,14479,315011,382868,382868,PASS
14519,25531,14519,315461,383423,383422,PASS
14543,25549,14543,315691,383713,383712,PASS
14557,25559,14557,315881,383902,383901,PASS
14591,25584,14591,316219,384369,384368,PASS
14627,25611,14627,316583,384837,384836,PASS
14639,25619,14639,316703,384988,384988,PASS
14669,25642,14669,317011,385371,385371,PASS
14713,25674,14713,317453,385897,385897,PASS
14731,25688,14731,317663,386194,386193,PASS
14747,25699,14747,317789,386388,386388,PASS
14767,25713,14767,318001,386633,386633,PASS
14783,25725,14783,318211,386877,386877,PASS
14821,25753,14821,318581,387333,387333,PASS
14843,25769,14843,318809,387617,387616,PASS
14869,25789,14869,319069,387974,387973,PASS
14891,25804,14891,319313,388209,388208,PASS
14929,25832,14929,319639,388664,388664,PASS
14951,25848,14951,319883,388919,388919,PASS
14983,25871,14983,320143,389316,389316,PASS
15031,25906,15031,320647,389917,389916,PASS
15073,25937,15073,321091,390459,390458,PASS
15091,25950,15091,321313,390690,390689,PASS
15121,25971,15121,321593,391100,391100,PASS
15139,25984,15139,321799,391377,391377,PASS
15173,26009,15173,322109,391838,391838,PASS
15199,26027,15199,322409,392138,392138,PASS
15233,26052,15233,322757,392569,392569,PASS
15263,26073,15263,323077,392961,392960,PASS
15277,26083,15277,323249,393136,393136,PASS
15299,26099,15299,323507,393392,393392,PASS
15319,26113,15319,323717,393640,393639,PASS
15349,26134,15349,324097,393984,393984,PASS
15373,26152,15373,324341,394334,394334,PASS
15391,26165,15391,324503,394579,394578,PASS
15427,26190,15427,324839,394982,394981,PASS
15451,26208,15451,325043,395322,395322,PASS
15473,26223,15473,325271,395587,395586,PASS
15511,26250,15511,325673,396054,396054,PASS
15551,26278,15551,325999,396514,396514,PASS
15581,26300,15581,326353,396892,396892,PASS
15607,26318,15607,326633,397229,397229,PASS
15641,26342,15641,326999,397659,397658,PASS
15649,26348,15649,327127,397794,397793,PASS
15671,26363,15671,327337,398091,398090,PASS
15727,26403,15727,327823,398738,398738,PASS
15737,26410,15737,327917,398905,398905,PASS
15761,26426,15761,328129,399188,399188,PASS
15787,26444,15787,328421,399514,399513,PASS
15803,26456,15803,328639,399771,399771,PASS
15823,26470,15823,328891,400067,400066,PASS
15881,26510,15881,329431,400805,400805,PASS
15901,26524,15901,329657,401101,401101,PASS
15919,26536,15919,329803,401330,401329,PASS
15959,26565,15959,330227,401851,401850,PASS
15991,26587,15991,330563,402262,402262,PASS
16033,26616,16033,330907,402719,402718,PASS
16063,26636,16063,331241,403064,403063,PASS
16073,26643,16073,331339,403230,403229,PASS
16097,26661,16097,331589,403570,403569,PASS
16127,26681,16127,331907,403915,403915,PASS
16183,26720,16183,332447,404588,404587,PASS
16193,26726,16193,332561,404737,404737,PASS
16229,26752,16229,332989,405191,405191,PASS
16253,26768,16253,333227,405474,405474,PASS
16301,26801,16301,333647,405959,405958,PASS
16339,26827,16339,334031,406413,406412,PASS
16363,26843,16363,334297,406711,406710,PASS
16411,26876,16411,334727,407319,407319,PASS
16427,26887,16427,334897,407497,407497,PASS
16451,26904,16451,335123,407805,407805,PASS
16481,26924,16481,335453,408182,408181,PASS
16519,26950,16519,335821,408615,408614,PASS
16553,26972,16553,336163,408997,408996,PASS
16573,26986,16573,336397,409264,409264,PASS
16619,27017,16619,336773,409805,409805,PASS
16649,27037,16649,337039,410147,410147,PASS
16661,27046,16661,337219,410368,410367,PASS
16693,27067,16693,337517,410726,410726,PASS
16729,27092,16729,337867,411147,411146,PASS
16759,27112,16759,338171,411507,411506,PASS
16811,27147,16811,338567,412126,412126,PASS
16831,27160,16831,338777,412370,412369,PASS
16879,27193,16879,339323,412905,412904,PASS
16901,27207,16901,339617,413167,413166,PASS
16927,27224,16927,339839,413452,413452,PASS
16943,27235,16943,340061,413643,413642,PASS
16981,27260,16981,340429,414075,414075,PASS
17011,27280,17011,340709,414453,414452,PASS
17029,27293,17029,340909,414700,414700,PASS
17047,27304,17047,341057,414928,414927,PASS
17093,27335,17093,341501,415437,415437,PASS
17117,27351,17117,341743,415691,415691,PASS
17159,27378,17159,342107,416158,416158,PASS
17189,27399,17189,342379,416520,416520,PASS
17207,27410,17207,342569,416713,416712,PASS
17239,27432,17239,342899,417072,417072,PASS
17293,27467,17293,343393,417662,417662,PASS
17321,27486,17321,343661,418021,418021,PASS
17341,27499,17341,343897,418298,418298,PASS
17377,27522,17377,344221,418682,418682,PASS
17389,27531,17389,344321,418860,418859,PASS
17417,27549,17417,344653,419181,419180,PASS
17443,27565,17443,344887,419513,419513,PASS
17471,27584,17471,345143,419840,419839,PASS
17489,27596,17489,345451,420056,420056,PASS
17509,27609,17509,345607,420306,420306,PASS
17551,27636,17551,345937,420777,420776,PASS
17579,27654,17579,346217,421098,421097,PASS
17599,27668,17599,346399,421364,421363,PASS
17627,27686,17627,346639,421686,421685,PASS
17669,27713,17669,347059,422160,422160,PASS
17707,27738,17707,347359,422595,422594,PASS
17737,27757,17737,347717,422937,422936,PASS
17761,27773,17761,347957,423257,423257,PASS
17791,27792,17791,348217,423567,423567,PASS
17837,27822,17837,348583,424044,424044,PASS
17863,27838,17863,348851,424330,424329,PASS
17903,27864,17903,349241,424769,424769,PASS
17921,27876,17921,349403,424999,424999,PASS
17939,27887,17939,349579,425152,425152,PASS
17971,27908,17971,349907,425532,425531,PASS
17987,27918,17987,350033,425738,425737,PASS
18041,27953,18041,350617,426242,426242,PASS
18049,27958,18049,350719,426356,426356,PASS
18077,27976,18077,350963,426646,426646,PASS
18119,28003,18119,351293,427151,427151,PASS
18131,28010,18131,351397,427300,427300,PASS
18149,28022,18149,351599,427543,427543,PASS
18191,28049,18191,351991,427985,427985,PASS
18217,28065,18217,352237,428303,428302,PASS
18233,28075,18233,352369,428512,428511,PASS
18257,28091,18257,352579,428779,428779,PASS
18289,28111,18289,352883,429154,429153,PASS
18311,28124,18311,353099,429400,429400,PASS
18341,28144,18341,353429,429764,429763,PASS
18371,28162,18371,353681,430104,430103,PASS
18401,28182,18401,353939,430475,430475,PASS
18433,28202,18433,354251,430866,430866,PASS
18451,28213,18451,354373,431079,431078,PASS
18481,28232,18481,354661,431416,431416,PASS
18517,28254,18517,354971,431817,431817,PASS
18539,28268,18539,355099,432085,432085,PASS
18583,28296,18583,355541,432626,432626,PASS
18617,28318,18617,355853,433027,433026,PASS
18671,28351,18671,356399,433630,433630,PASS
18701,28370,18701,356737,433925,433925,PASS
18731,28388,18731,357047,434296,434296,PASS
18757,28404,18757,357281,434632,434632,PASS
18793,28427,18793,357613,435077,435076,PASS
18839,28456,18839,357989,435587,435586,PASS
18899,28493,18899,358499,436131,436130,PASS
18917,28505,18917,358697,436375,436374,PASS
18959,28530,18959,358993,436793,436793,PASS
19001,28556,19001,359327,437185,437184,PASS
19031,28574,19031,359599,437511,437511,PASS
19069,28598,19069,360053,437979,437979,PASS
19081,28606,19081,360223,438137,438136,PASS
19139,28642,19139,360851,438712,438712,PASS
19163,28656,19163,361033,438945,438944,PASS
19207,28683,19207,361447,439469,439468,PASS
19219,28691,19219,361549,439622,439621,PASS
19249,28708,19249,361843,439976,439975,PASS
19273,28724,19273,362059,440214,440213,PASS
19309,28745,19309,362347,440610,440609,PASS
19373,28785,19373,362953,441340,441340,PASS
19387,28793,19387,363061,441510,441509,PASS
19417,28811,19417,363361,441850,441850,PASS
19427,28818,19427,363439,442020,442020,PASS
19441,28826,19441,363563,442195,442194,PASS
19463,28839,19463,363767,442460,442460,PASS
19477,28847,19477,363911,442631,442631,PASS
19501,28863,19501,364183,442935,442935,PASS
19541,28886,19541,364471,443353,443353,PASS
19559,28897,19559,364657,443579,443578,PASS
19583,28912,19583,364909,443852,443851,PASS
19609,28928,19609,365137,444134,444133,PASS
19687,28975,19687,365747,444943,444942,PASS
19709,28988,19709,365983,445207,445207,PASS
19739,29006,19739,366217,445551,445550,PASS
19759,29018,19759,366383,445714,445714,PASS
19793,29039,19793,366703,446081,446081,PASS
19819,29054,19819,366917,446354,446353,PASS
19853,29074,19853,367189,446662,446661,PASS
19889,29096,19889,367531,447028,447028,PASS
19919,29114,19919,367751,447325,447324,PASS
19949,29132,19949,368059,447697,447697,PASS
19973,29146,19973,368233,448011,448011,PASS
19993,29158,19993,368453,448209,448208,PASS
20021,29175,20021,368737,448531,448530,PASS
20047,29190,20047,369013,448848,448847,PASS
20071,29204,20071,369247,449062,449061,PASS
20107,29226,20107,369673,449391,449391,PASS
20123,29236,20123,369851,449569,449569,PASS
20147,29249,20147,370057,449819,449818,PASS
20173,29266,20173,370387,450104,450104,PASS
20201,29282,20201,370571,450439,450439,PASS
20233,29301,20233,370883,450764,450764,PASS
20269,29322,20269,371249,451125,451125,PASS
20323,29354,20323,371699,451572,451572,PASS
20341,29365,20341,371929,451801,451800,PASS
20357,29374,20357,372059,452008,452008,PASS
20389,29393,20389,372353,452368,452367,PASS
20407,29404,20407,372511,452595,452594,PASS
20441,29423,20441,372797,452969,452969,PASS
20479,29446,20479,373127,453340,453339,PASS
20509,29463,20509,373343,453629,453629,PASS
20543,29484,20543,373669,453963,453963,PASS
20563,29495,20563,373937,454162,454162,PASS
20611,29523,20611,374291,454657,454656,PASS
20641,29540,20641,374587,454965,454964,PASS
20693,29571,20693,374977,455543,455543,PASS
20719,29586,20719,375121,455783,455782,PASS
20747,29603,20747,375359,456121,456121,PASS
20759,29610,20759,375457,456289,456288,PASS
20789,29627,20789,375703,456608,456608,PASS
20849,29662,20849,376199,457217,457217,PASS
20879,29679,20879,376529,457571,457571,PASS
20899,29691,20899,376687,457783,457783,PASS
20929,29708,20929,376891,458122,458122,PASS
20959,29725,20959,377173,458461,458461,PASS
20983,29739,20983,377387,458727,458726,PASS
21013,29756,21013,377653,459048,459048,PASS
21023,29762,21023,377779,459183,459182,PASS
21061,29784,21061,378151,459531,459531,PASS
21101,29807,21101,378509,459966,459966,PASS
21139,29829,21139,378817,460306,460305,PASS
21157,29839,21157,378977,460516,460515,PASS
21179,29851,21179,379157,460747,460746,PASS
21193,29860,21193,379319,460885,460885,PASS
21227,29879,21227,379579,461230,461230,PASS
21277,29908,21277,379979,461711,461710,PASS
21317,29931,21317,380309,462176,462176,PASS
21341,29945,21341,380533,462427,462426,PASS
21379,29966,21379,380881,462792,462792,PASS
21397,29976,21397,381047,462999,462999,PASS
21419,29989,21419,381289,463264,463264,PASS
21481,30025,21481,381749,463856,463856,PASS
21493,30031,21493,381911,464023,464023,PASS
21517,30045,21517,382117,464291,464291,PASS
21529,30051,21529,382271,464443,464443,PASS
21563,30071,21563,382601,464745,464745,PASS
21587,30084,21587,382777,465042,465042,PASS
21601,30092,21601,382919,465167,465166,PASS
21617,30101,21617,383077,465373,465373,PASS
21661,30126,21661,383459,465799,465798,PASS
21701,30149,21701,383767,466186,466186,PASS
21737,30169,21737,384029,466579,466578,PASS
21757,30180,21757,384193,466759,466759,PASS
21787,30198,21787,384469,467035,467034,PASS
21817,30214,21817,384697,467323,467323,PASS
21841,30227,21841,384907,467589,467589,PASS
21863,30240,21863,385127,467778,467778,PASS
21893,30257,21893,385379,468117,468117,PASS
21937,30282,21937,385709,468607,468606,PASS
21977,30304,21977,386047,469022,469022,PASS
22003,30319,22003,386249,469312,469311,PASS
22031,30334,22031,386431,469596,469596,PASS
22051,30345,22051,386629,469826,469826,PASS
22073,30358,22073,386887,470090,470089,PASS
22093,30369,22093,387077,470283,470282,PASS
22123,30385,22123,387313,470569,470569,PASS
22147,30399,22147,387613,470788,470788,PASS
22159,30406,22159,387727,470892,470892,PASS
22193,30424,22193,388067,471155,471154,PASS
22259,30461,22259,388567,471744,471743,PASS
22277,30470,22277,388757,471950,471950,PASS
22291,30478,22291,388897,472140,472140,PASS
22343,30507,22343,389273,472640,472639,PASS
22369,30522,22369,389531,472911,472910,PASS
22397,30537,22397,389743,473181,473181,PASS
22441,30561,22441,390067,473600,473599,PASS
22469,30577,22469,390281,473857,473857,PASS
22501,30594,22501,390479,474177,474177,PASS
22541,30617,22541,390821,474611,474611,PASS
22567,30630,22567,391021,474859,474859,PASS
22613,30656,22613,391379,475301,475300,PASS
22637,30669,22637,391627,475546,475546,PASS
22651,30676,22651,391739,475700,475700,PASS
22691,30699,22691,392069,476136,476136,PASS
22709,30708,22709,392201,476281,476281,PASS
22727,30718,22727,392297,476490,476490,PASS
22751,30732,22751,392503,476755,476755,PASS
22783,30749,22783,392803,477045,477044,PASS
22811,30764,22811,392981,477331,477331,PASS
22859,30790,22859,393299,477787,477787,PASS
22877,30800,22877,393479,478011,478011,PASS
22921,30824,22921,393739,478370,478369,PASS
22961,30845,22961,394063,478781,478780,PASS
22993,30863,22993,394367,479123,479123,PASS
23017,30876,23017,394601,479388,479388,PASS
23029,30882,23029,394721,479541,479541,PASS
23053,30896,23053,394931,479825,479825,PASS
23063,30901,23063,395023,479911,479911,PASS
23087,30914,23087,395189,480144,480144,PASS
23131,30938,23131,395537,480550,480550,PASS
23167,30957,23167,395891,480898,480897,PASS
23197,30974,23197,396181,481254,481253,PASS
23209,30980,23209,396293,481405,481405,PASS
23269,31012,23269,396709,481861,481861,PASS
23293,31025,23293,396983,482126,482126,PASS
23321,31040,23321,397223,482400,482399,PASS
23339,31050,23339,397373,482579,482578,PASS
23371,31067,23371,397643,482886,482885,PASS
23431,31099,23431,398087,483391,483391,PASS
23473,31121,23473,398369,483787,483787,PASS
23531,31152,23531,398819,484350,484350,PASS
23549,31162,23549,398989,484530,484530,PASS
23563,31170,23563,399131,484735,484735,PASS
23593,31185,23593,399379,485037,485037,PASS
23609,31194,23609,399499,485260,485260,PASS
23629,31204,23629,399647,485472,485471,PASS
23669,31226,23669,399979,485908,485907,PASS
23687,31235,23687,400123,486099,486099,PASS
23741,31264,23741,400597,486599,486599,PASS
23753,31270,23753,400703,486749,486749,PASS
23773,31281,23773,400927,486947,486947,PASS
23813,31302,23813,401243,487330,487330,PASS
23831,31312,23831,401411,487554,487554,PASS
23869,31332,23869,401809,487918,487918,PASS
23887,31341,23887,401957,488142,488141,PASS
23909,31353,23909,402131,488358,488358,PASS
23929,31363,23929,402313,488566,488566,PASS
23977,31389,23977,402691,489040,489039,PASS
24001,31401,24001,402859,489239,489239,PASS
24023,31413,24023,403061,489470,489470,PASS
24049,31427,24049,403301,489737,489737,PASS
24077,31441,24077,403553,489977,489976,PASS
24097,31452,24097,403721,490207,490206,PASS
24109,31458,24109,403861,490311,490311,PASS
24133,31471,24133,404029,490609,490609,PASS
24169,31490,24169,404321,490984,490983,PASS
24197,31504,24197,404513,491267,491267,PASS
24229,31522,24229,404951,491560,491560,PASS
24251,31533,24251,405089,491775,491774,PASS
24329,31574,24329,405677,492492,492492,PASS
24371,31595,24371,405947,492838,492837,PASS
24391,31606,24391,406123,493052,493052,PASS
24419,31620,24419,406381,493293,493293,PASS
24443,31632,24443,406573,493488,493488,PASS
24481,31653,24481,406951,493855,493854,PASS
24517,31671,24517,407257,494183,494183,PASS
24547,31687,24547,407489,494473,494473,PASS
24593,31710,24593,407791,494857,494857,PASS
24631,31730,24631,408071,495191,495191,PASS
24677,31753,24677,408389,495577,495576,PASS
24697,31764,24697,408553,495775,495774,PASS
24749,31791,24749,408953,496229,496229,PASS
24781,31808,24781,409237,496584,496584,PASS
24809,31822,24809,409433,496869,496869,PASS
24847,31842,24847,409729,497219,497219,PASS
24877,31857,24877,409909,497478,497477,PASS
24917,31878,24917,410239,497826,497825,PASS
24943,31891,24943,410411,498109,498109,PASS
24971,31905,24971,410629,498378,498377,PASS
24989,31915,24989,410789,498571,498571,PASS
25033,31937,25033,411127,498928,498928,PASS
25073,31958,25073,411473,499358,499357,PASS
25111,31976,25111,411707,499639,499639,PASS
25127,31985,25127,411823,499832,499832,PASS
25163,32003,25163,412081,500143,500142,PASS
25183,32013,25183,412211,500338,500337,PASS
25229,32037,25229,412609,500730,500730,PASS
25247,32046,25247,412807,500889,500888,PASS
25301,32074,25301,413201,501400,501400,PASS
25309,32078,25309,413293,501499,501498,PASS
25343,32094,25343,413653,501760,501760,PASS
25367,32107,25367,413867,501962,501962,PASS
25409,32128,25409,414199,502360,502360,PASS
25439,32144,25439,414397,502650,502650,PASS
25457,32153,25457,414553,502826,502826,PASS
25471,32159,25471,414653,502963,502962,PASS
25541,32195,25541,415073,503559,503558,PASS
25579,32214,25579,415381,503870,503870,PASS
25601,32225,25601,415567,504084,504084,PASS
25621,32235,25621,415691,504309,504309,PASS
25643,32246,25643,415879,504554,504554,PASS
25673,32262,25673,416149,504815,504815,PASS
25703,32276,25703,416393,505115,505115,PASS
25741,32296,25741,416623,505466,505466,PASS
25763,32306,25763,416873,505647,505646,PASS
25799,32324,25799,417181,505942,505941,PASS
25841,32346,25841,417493,506344,506344,PASS
25867,32358,25867,417671,506624,506624,PASS
25903,32377,25903,417947,506988,506988,PASS
25931,32390,25931,418109,507201,507201,PASS
25943,32396,25943,418219,507355,507354,PASS
25981,32416,25981,418511,507687,507687,PASS
26003,32426,26003,418721,507863,507862,PASS
26029,32440,26029,418871,508145,508145,PASS
26083,32466,26083,419261,508635,508635,PASS
26111,32481,26111,419477,508909,508909,PASS
26141,32495,26141,419651,509146,509146,PASS
26171,32510,26171,419927,509421,509421,PASS
26189,32519,26189,420097,509616,509616,PASS
26227,32538,26227,420361,509946,509946,PASS
26251,32549,26251,420551,510140,510140,PASS
26267,32558,26267,420737,510332,510332,PASS
26309,32578,26309,421033,510729,510729,PASS
26339,32593,26339,421273,511035,511035,PASS
26371,32609,26371,421493,511324,511323,PASS
26399,32622,26399,421709,511588,511588,PASS
26423,32635,26423,421987,511837,511837,PASS
26449,32647,26449,422129,512036,512036,PASS
26489,32667,26489,422431,512419,512419,PASS
26513,32679,26513,422689,512600,512600,PASS
26561,32703,26561,423013,513023,513022,PASS
26597,32720,26597,423233,513350,513350,PASS
26641,32742,26641,423503,513734,513734,PASS
26681,32761,26681,423791,514050,514050,PASS
26693,32767,26693,423931,514155,514155,PASS
26711,32776,26711,424079,514329,514328,PASS
26723,32782,26723,424157,514482,514481,PASS
26737,32789,26737,424267,514615,514615,PASS
26783,32811,26783,424639,515035,515035,PASS
26821,32830,26821,424889,515413,515412,PASS
26849,32843,26849,425101,515647,515647,PASS
26879,32858,26879,425329,515932,515931,PASS
26893,32865,26893,425443,516119,516118,PASS
26927,32881,26927,425783,516396,516396,PASS
26953,32894,26953,425959,516643,516643,PASS
26987,32910,26987,426233,516953,516953,PASS
27017,32925,27017,426551,517224,517223,PASS
27059,32945,27059,426799,517620,517619,PASS
27073,32952,27073,426931,517761,517761,PASS
27103,32967,27103,427181,518015,518015,PASS
27127,32978,27127,427369,518226,518226,PASS
27191,33009,27191,427813,518799,518799,PASS
27239,33033,27239,428143,519240,519239,PASS
27259,33042,27259,428273,519464,519464,PASS
27281,33052,27281,428503,519677,519677,PASS
27329,33076,27329,428833,520119,520118,PASS
27367,33094,27367,429197,520430,520429,PASS
27409,33114,27409,429463,520778,520778,PASS
27437,33127,27437,429599,521029,521028,PASS
27479,33148,27479,429889,521426,521425,PASS
27509,33162,27509,430019,521729,521729,PASS
27539,33177,27539,430343,522019,522018,PASS
27581,33196,27581,430697,522333,522333,PASS
27617,33214,27617,430883,522693,522693,PASS
27653,33231,27653,431099,523035,523035,PASS
27691,33250,27691,431377,523335,523335,PASS
27733,33269,27733,431671,523679,523679,PASS
27743,33274,27743,431801,523797,523797,PASS
27763,33284,27763,431911,524010,524010,PASS
27779,33291,27779,432037,524198,524197,PASS
27799,33301,27799,432163,524390,524389,PASS
27817,33309,27817,432317,524532,524531,PASS
27847,33324,27847,432503,524819,524819,PASS
27893,33345,27893,432799,525167,525167,PASS
27919,33358,27919,433049,525401,525400,PASS
27947,33371,27947,433229,525700,525700,PASS
27967,33380,27967,433351,525864,525863,PASS
28001,33397,28001,433627,526139,526139,PASS
28031,33411,28031,433813,526394,526393,PASS
28069,33429,28069,434113,526772,526772,PASS
28097,33442,28097,434303,527037,527037,PASS
28111,33448,28111,434389,527176,527176,PASS
28163,33473,28163,434803,527574,527574,PASS
28201,33491,28201,434977,527901,527901,PASS
28229,33504,28229,435187,528186,528186,PASS
28283,33529,28283,435553,528662,528662,PASS
28307,33541,28307,435661,528877,528877,PASS
28349,33560,28349,435949,529226,529225,PASS
28393,33581,28393,436291,529612,529612,PASS
28411,33589,28411,436463,529736,529736,PASS
28439,33602,28439,436651,530020,530020,PASS
28477,33621,28477,436973,530400,530400,PASS
28513,33637,28513,437219,530707,530707,PASS
28541,33651,28541,437471,530978,530978,PASS
28559,33659,28559,437587,531122,531122,PASS
28579,33668,28579,437753,531296,531296,PASS
28603,33680,28603,438001,531547,531547,PASS
28621,33688,28621,438211,531704,531704,PASS
28643,33698,28643,438377,531852,531852,PASS
28661,33706,28661,438521,532044,532043,PASS
28687,33719,28687,438707,532263,532263,PASS
28711,33730,28711,438899,532463,532462,PASS
28751,33749,28751,439217,532760,532759,PASS
28771,33758,28771,439421,532967,532967,PASS
28807,33774,28807,439639,533227,533226,PASS
28837,33788,28837,439823,533495,533495,PASS
28867,33802,28867,440039,533728,533728,PASS
28901,33818,28901,440303,534020,534019,PASS
28927,33830,28927,440497,534236,534235,PASS
28961,33845,28961,440681,534558,534558,PASS
29017,33871,29017,441053,534972,534972,PASS
29027,33876,29027,441127,535075,535074,PASS
29063,33893,29063,441443,535383,535383,PASS
29123,33920,29123,441839,535834,535833,PASS
29137,33927,29137,442003,535990,535990,PASS
29167,33941,29167,442177,536244,536244,PASS
29191,33951,29191,442327,536437,536437,PASS
29209,33960,29209,442499,536614,536613,PASS
29243,33976,29243,442753,536907,536907,PASS
29287,33996,29287,442997,537241,537241,PASS
29311,34007,29311,443153,537504,537503,PASS
29339,34019,29339,443281,537720,537720,PASS
29383,34040,29383,443567,538154,538153,PASS
29399,34047,29399,443711,538280,538280,PASS
29423,34058,29423,443879,538528,538527,PASS
29443,34068,29443,444007,538722,538722,PASS
29483,34085,29483,444281,539016,539016,PASS
29531,34108,29531,444557,539454,539453,PASS
29569,34124,29569,444833,539731,539730,PASS
29587,34133,29587,444953,539907,539907,PASS
29629,34152,29629,445271,540258,540258,PASS
29663,34168,29663,445573,540534,540534,PASS
29683,34177,29683,445741,540696,540696,PASS
29741,34203,29741,446179,541190,541189,PASS
29761,34212,29761,446309,541398,541398,PASS
29819,34239,29819,446767,541913,541913,PASS
29851,34253,29851,447011,542184,542183,PASS
29873,34263,29873,447197,542393,542393,PASS
29917,34283,29917,447481,542794,542793,PASS
29947,34296,29947,447749,543060,543059,PASS
29989,34315,29989,448027,543441,543440,PASS
